st_save_date,st_event_name,st_event_date,st_kafka_offset,st_source_type,st_app_key,st_raw_message,st_available_message,st_status,st_error_type,st_error_info,st_report_time,st_update_at,st_save_time
2026-07-12,log_element_expose_client,2026-07-12,11_1657,event_track,618025f4e02aff8f3e35df5d2891cc47,"{""st_system_language"":""ZH-CN"",""st_app_key"":""618025f4e02aff8f3e35df5d2891cc47"",""st_unique_id"":""6967113a-3199-4244-a910-02f88c1eba5c"",""st_ip"":""171.223.215.48"",""st_distinct_id"":""fab31f5b-0fed-490e-b32f-54d5cd488d15"",""st_city"":""成都市"",""st_pk_id"":""b1781f45-537e-4f1e-b141-f4510184f01d"",""st_country"":""中国"",""st_event_name"":""log_element_expose_client"",""st_role_id"":""51"",""st_event_time"":1783829641071,""st_province"":""四川省"",""st_save_time"":1783829641,""st_account_id"":""51"",""st_user_id"":""0000e86c-6d23-4bd9-bb3e-1438c9e5d5ae"",""properties"":{""element_module"":""create_api_key_success"",""element_name"":""create_api_key_success_xepose"",""adid"":"""",""extend"":"""",""platform_type"":""web"",""current_page_name"":""apikey_page"",""current_page_url"":""https://odirouter.ai/en/dashboard/api-keys"",""ref_page_url"":""https://odirouter.ai/en/dashboard/home""},""st_extend_info"":""{\""system_time\"":1783829639705,\""local_time\"":1783829641087,\""diff\"":-1382}"",""st_country_code"":""CN"",""st_os"":""PC""}",,1,,{},1783829643114,2026-07-12 04:14:03.205763,1783829641000
2026-07-12,log_page_expose_client,2026-07-12,2_1532,event_track,618025f4e02aff8f3e35df5d2891cc47,"{""st_unique_id"":""6bcf9d42-3f21-4a3b-8451-5f1606d6a0c8"",""st_extend_info"":""{\""system_time\"":1783829595047,\""local_time\"":1783829596429,\""diff\"":-1382}"",""st_event_name"":""log_page_expose_client"",""st_save_time"":1783829597,""st_pk_id"":""c127d629-dc73-42ff-a9bc-b0f35a62c988"",""st_system_language"":""ZH-CN"",""properties"":{""current_page_url"":""https://odirouter.ai/en/login"",""ref_page_url"":""https://odirouter.ai/en"",""adid"":"""",""extend"":"""",""platform_type"":""web"",""current_page_name"":""login_page""},""st_province"":""四川省"",""st_distinct_id"":""fab31f5b-0fed-490e-b32f-54d5cd488d15"",""st_app_key"":""618025f4e02aff8f3e35df5d2891cc47"",""st_role_id"":"""",""st_ip"":""171.223.215.48"",""st_city"":""成都市"",""st_country_code"":""CN"",""st_event_time"":1783829593480,""st_os"":""PC"",""st_country"":""中国"",""st_account_id"":"""",""st_user_id"":""0000e86c-6d23-4bd9-bb3e-1438c9e5d5ae""}",,1,,{},1783829599406,2026-07-12 04:13:19.478073,1783829597000
2026-07-12,log_page_expose_client,2026-07-12,9_1548,event_track,618025f4e02aff8f3e35df5d2891cc47,"{""st_extend_info"":""{\""system_time\"":1783829597295,\""local_time\"":1783829598677,\""diff\"":-1382}"",""st_unique_id"":""1047030e-c052-4980-97fd-12865e6afa0c"",""st_city"":""成都市"",""st_os"":""PC"",""st_province"":""四川省"",""st_distinct_id"":""fab31f5b-0fed-490e-b32f-54d5cd488d15"",""st_user_id"":""0000e86c-6d23-4bd9-bb3e-1438c9e5d5ae"",""st_event_time"":1783829598674,""st_app_key"":""618025f4e02aff8f3e35df5d2891cc47"",""st_country"":""中国"",""st_pk_id"":""5e34cf61-c017-4f0b-b04d-2315f8d2d618"",""properties"":{""current_page_name"":""home_page"",""current_page_url"":""https://odirouter.ai/en/dashboard/home"",""ref_page_url"":""https://odirouter.ai/en/login"",""adid"":"""",""extend"":"""",""platform_type"":""web""},""st_role_id"":""51"",""st_account_id"":""51"",""st_system_language"":""ZH-CN"",""st_event_name"":""log_page_expose_client"",""st_ip"":""171.223.215.48"",""st_save_time"":1783829607,""st_country_code"":""CN""}",,1,,{},1783829611003,2026-07-12 04:13:31.085545,1783829607000
2026-07-12,log_element_expose_client,2026-07-12,1_1646,event_track,618025f4e02aff8f3e35df5d2891cc47,"{""st_ip"":""171.223.215.48"",""st_unique_id"":""75a277c5-0efd-4b7d-9943-13c645662a31"",""st_pk_id"":""6be6373e-f56d-4663-b2bf-04de881a1c97"",""st_os"":""PC"",""st_event_time"":1783829622389,""properties"":{""adid"":"""",""extend"":"""",""platform_type"":""web"",""current_page_name"":""apikey_page"",""current_page_url"":""https://odirouter.ai/en/dashboard/api-keys"",""ref_page_url"":""https://odirouter.ai/en/dashboard/home"",""element_module"":""create_api_key"",""element_name"":""create_api_key_xepose""},""st_city"":""成都市"",""st_app_key"":""618025f4e02aff8f3e35df5d2891cc47"",""st_system_language"":""ZH-CN"",""st_account_id"":""51"",""st_event_name"":""log_element_expose_client"",""st_distinct_id"":""fab31f5b-0fed-490e-b32f-54d5cd488d15"",""st_role_id"":""51"",""st_user_id"":""0000e86c-6d23-4bd9-bb3e-1438c9e5d5ae"",""st_province"":""四川省"",""st_save_time"":1783829623,""st_country"":""中国"",""st_extend_info"":""{\""system_time\"":1783829621030,\""local_time\"":1783829622412,\""diff\"":-1382}"",""st_country_code"":""CN""}",,1,,{},1783829625101,2026-07-12 04:13:45.194419,1783829623000
2026-07-12,log_page_expose_client,2026-07-12,11_1655,event_track,618025f4e02aff8f3e35df5d2891cc47,"{""st_system_language"":""ZH-CN"",""properties"":{""adid"":"""",""extend"":"""",""platform_type"":""web"",""current_page_name"":""apikey_page"",""current_page_url"":""https://odirouter.ai/en/dashboard/api-keys"",""ref_page_url"":""https://odirouter.ai/en/dashboard/home""},""st_unique_id"":""767901fc-0d8f-4dca-ac77-e1db791a5da3"",""st_event_name"":""log_page_expose_client"",""st_ip"":""171.223.215.48"",""st_province"":""四川省"",""st_event_time"":1783829619868,""st_os"":""PC"",""st_country"":""中国"",""st_distinct_id"":""fab31f5b-0fed-490e-b32f-54d5cd488d15"",""st_user_id"":""0000e86c-6d23-4bd9-bb3e-1438c9e5d5ae"",""st_pk_id"":""ee0be04f-7050-4360-a476-b44eed209be0"",""st_app_key"":""618025f4e02aff8f3e35df5d2891cc47"",""st_account_id"":""51"",""st_role_id"":""51"",""st_extend_info"":""{\""system_time\"":1783829618487,\""local_time\"":1783829619869,\""diff\"":-1382}"",""st_country_code"":""CN"",""st_save_time"":1783829623,""st_city"":""成都市""}",,1,,{},1783829625230,2026-07-12 04:13:45.294256,1783829623000
2026-07-12,log_element_expose_client,2026-07-12,8_1643,event_track,618025f4e02aff8f3e35df5d2891cc47,"{""st_save_time"":1783829629,""st_pk_id"":""8a15e5d6-165f-454b-8c9c-489faac6e86c"",""st_app_key"":""618025f4e02aff8f3e35df5d2891cc47"",""st_ip"":""171.223.215.48"",""st_province"":""四川省"",""properties"":{""current_page_url"":""https://odirouter.ai/en/dashboard/api-keys"",""ref_page_url"":""https://odirouter.ai/en/dashboard/home"",""element_module"":""create_api_key_success"",""element_name"":""create_api_key_success_xepose"",""adid"":"""",""extend"":"""",""platform_type"":""web"",""current_page_name"":""apikey_page""},""st_distinct_id"":""fab31f5b-0fed-490e-b32f-54d5cd488d15"",""st_role_id"":""51"",""st_event_name"":""log_element_expose_client"",""st_unique_id"":""e8f834e7-e59a-4c1e-82aa-0a8ca19f9352"",""st_city"":""成都市"",""st_user_id"":""0000e86c-6d23-4bd9-bb3e-1438c9e5d5ae"",""st_event_time"":1783829628543,""st_extend_info"":""{\""system_time\"":1783829627174,\""local_time\"":1783829628556,\""diff\"":-1382}"",""st_system_language"":""ZH-CN"",""st_country_code"":""CN"",""st_country"":""中国"",""st_os"":""PC"",""st_account_id"":""51""}",,1,,{},1783829630759,2026-07-12 04:13:50.797930,1783829629000
2026-07-12,log_element_expose_client,2026-07-12,5_1696,event_track,618025f4e02aff8f3e35df5d2891cc47,"{""st_distinct_id"":""fab31f5b-0fed-490e-b32f-54d5cd488d15"",""st_ip"":""171.223.215.48"",""st_save_time"":1783829636,""st_extend_info"":""{\""system_time\"":1783829633787,\""local_time\"":1783829635169,\""diff\"":-1382}"",""st_app_key"":""618025f4e02aff8f3e35df5d2891cc47"",""st_system_language"":""ZH-CN"",""st_event_time"":1783829635155,""properties"":{""adid"":"""",""extend"":"""",""platform_type"":""web"",""current_page_name"":""apikey_page"",""current_page_url"":""https://odirouter.ai/en/dashboard/api-keys"",""ref_page_url"":""https://odirouter.ai/en/dashboard/home"",""element_module"":""create_api_key"",""element_name"":""create_api_key_xepose""},""st_event_name"":""log_element_expose_client"",""st_role_id"":""51"",""st_unique_id"":""52a69e89-2364-4564-a50a-2e6d2a1cc478"",""st_city"":""成都市"",""st_province"":""四川省"",""st_country"":""中国"",""st_os"":""PC"",""st_country_code"":""CN"",""st_pk_id"":""d305793d-dac2-438f-b87e-73c5af71e28f"",""st_account_id"":""51"",""st_user_id"":""0000e86c-6d23-4bd9-bb3e-1438c9e5d5ae""}",,1,,{},1783829637763,2026-07-12 04:13:57.802415,1783829636000
2026-07-12,log_element_expose_client,2026-07-12,8_1642,event_track,618025f4e02aff8f3e35df5d2891cc47,"{""st_ip"":""171.223.215.48"",""st_country"":""中国"",""st_save_time"":1783825800,""st_event_name"":""log_element_expose_client"",""st_province"":""四川省"",""st_country_code"":""CN"",""st_account_id"":"""",""st_city"":""成都市"",""st_os"":""PC"",""st_system_language"":""ZH-CN"",""st_role_id"":"""",""st_unique_id"":""81a2ebc8-4a2d-468c-a9a0-bf9b51b0fbec"",""st_distinct_id"":""fab31f5b-0fed-490e-b32f-54d5cd488d15"",""st_extend_info"":""{\""system_time\"":1783825791510,\""local_time\"":1783825791933,\""diff\"":-423}"",""properties"":{""platform_type"":""web"",""current_page_name"":""login_page"",""current_page_url"":""https://odirouter.ai/en/login"",""ref_page_url"":""https://odirouter.ai/en"",""element_module"":""create_your_account"",""element_name"":""create_your_account_expose"",""adid"":"""",""extend"":""""},""st_app_key"":""618025f4e02aff8f3e35df5d2891cc47"",""st_pk_id"":""7477aa70-5a9b-4902-a6d0-8154d6e87bea"",""st_event_time"":1783825791933,""st_user_id"":""0000e86c-6d23-4bd9-bb3e-1438c9e5d5ae""}",,1,,{},1783825802590,2026-07-12 03:10:02.686610,1783825800000
2026-07-12,log_click_client,2026-07-12,8_1641,event_track,618025f4e02aff8f3e35df5d2891cc47,"{""st_pk_id"":""1f8bfa2f-95e1-4d1f-9b42-fea1b64be494"",""st_save_time"":1783825800,""st_unique_id"":""8023dc08-5329-4492-91a3-1b23b87cdf7a"",""properties"":{""adid"":"""",""extend"":"""",""platform_type"":""web"",""current_page_name"":""login_page"",""current_page_url"":""https://odirouter.ai/en/login"",""ref_page_url"":""https://odirouter.ai/en"",""element_name"":""Sign up""},""st_app_key"":""618025f4e02aff8f3e35df5d2891cc47"",""st_role_id"":"""",""st_extend_info"":""{\""system_time\"":1783825791507,\""local_time\"":1783825791930,\""diff\"":-423}"",""st_account_id"":"""",""st_distinct_id"":""fab31f5b-0fed-490e-b32f-54d5cd488d15"",""st_event_name"":""log_click_client"",""st_ip"":""171.223.215.48"",""st_os"":""PC"",""st_province"":""四川省"",""st_country"":""中国"",""st_user_id"":""0000e86c-6d23-4bd9-bb3e-1438c9e5d5ae"",""st_country_code"":""CN"",""st_system_language"":""ZH-CN"",""st_city"":""成都市"",""st_event_time"":1783825791929}",,1,,{},1783825802590,2026-07-12 03:10:02.686483,1783825800000
2026-07-12,log_register_failed_client,2026-07-12,10_1639,event_track,618025f4e02aff8f3e35df5d2891cc47,"{""st_event_name"":""log_register_failed_client"",""st_save_time"":1783825800,""st_user_id"":""0000e86c-6d23-4bd9-bb3e-1438c9e5d5ae"",""st_role_id"":"""",""st_account_id"":"""",""st_country"":""中国"",""st_pk_id"":""9d5f79dd-ffc1-4528-b07d-f96375829bf2"",""st_system_language"":""ZH-CN"",""st_event_time"":1783825799732,""st_ip"":""171.223.215.48"",""st_distinct_id"":""fab31f5b-0fed-490e-b32f-54d5cd488d15"",""st_city"":""成都市"",""st_app_key"":""618025f4e02aff8f3e35df5d2891cc47"",""st_os"":""PC"",""st_unique_id"":""1433856a-54e2-4603-9fcf-6203026795e5"",""st_country_code"":""CN"",""properties"":{""platform_type"":""web"",""error_message"":""Please enter the verification code."",""register_channel"":""email"",""adid"":"""",""extend"":""""},""st_extend_info"":""{\""system_time\"":1783825799312,\""local_time\"":1783825799735,\""diff\"":-423}"",""st_province"":""四川省""}",,1,,{},1783825803720,2026-07-12 03:10:03.787216,1783825800000
2026-07-12,log_click_client,2026-07-12,4_1594,event_track,618025f4e02aff8f3e35df5d2891cc47,"{""st_distinct_id"":""fab31f5b-0fed-490e-b32f-54d5cd488d15"",""st_system_language"":""ZH-CN"",""st_country_code"":""CN"",""st_pk_id"":""21a428e3-6741-4c1c-9ce2-36fd8a5e7482"",""properties"":{""ref_page_url"":""https://odirouter.ai/en"",""element_module"":""create_your_account"",""element_name"":""Create account and claim credits"",""adid"":"""",""extend"":"""",""platform_type"":""web"",""current_page_name"":""login_page"",""current_page_url"":""https://odirouter.ai/en/login""},""st_city"":""成都市"",""st_os"":""PC"",""st_account_id"":"""",""st_role_id"":"""",""st_event_name"":""log_click_client"",""st_app_key"":""618025f4e02aff8f3e35df5d2891cc47"",""st_user_id"":""0000e86c-6d23-4bd9-bb3e-1438c9e5d5ae"",""st_event_time"":1783825799730,""st_extend_info"":""{\""system_time\"":1783825799308,\""local_time\"":1783825799731,\""diff\"":-423}"",""st_ip"":""171.223.215.48"",""st_save_time"":1783825800,""st_unique_id"":""aea52160-de9d-412c-94c4-788e3f485c95"",""st_province"":""四川省"",""st_country"":""中国""}",,1,,{},1783825803720,2026-07-12 03:10:03.787358,1783825800000
2026-07-12,log_page_expose_client,2026-07-12,6_1669,event_track,618025f4e02aff8f3e35df5d2891cc47,"{""st_app_key"":""618025f4e02aff8f3e35df5d2891cc47"",""st_user_id"":""0000e86c-6d23-4bd9-bb3e-1438c9e5d5ae"",""st_country"":""中国"",""st_ip"":""171.223.215.48"",""st_city"":""成都市"",""st_system_language"":""ZH-CN"",""st_os"":""PC"",""st_account_id"":""51"",""st_pk_id"":""f4c6123c-84c0-4f52-8475-252ce2ff49c0"",""st_event_time"":1783825559657,""st_distinct_id"":""fab31f5b-0fed-490e-b32f-54d5cd488d15"",""st_extend_info"":""{\""system_time\"":1783825561629,\""local_time\"":1783825562052,\""diff\"":-423}"",""properties"":{""platform_type"":""web"",""current_page_name"":""home_page"",""current_page_url"":""https://odirouter.ai/en/dashboard/home"",""ref_page_url"":"""",""adid"":"""",""extend"":""""},""st_event_name"":""log_page_expose_client"",""st_country_code"":""CN"",""st_unique_id"":""c7b1a339-e6a4-4d93-b76f-7781e34424df"",""st_province"":""四川省"",""st_save_time"":1783825562,""st_role_id"":""51""}",,1,,{},1783825565555,2026-07-12 03:06:05.636841,1783825562000
2026-07-12,log_click_client,2026-07-12,0_1588,event_track,618025f4e02aff8f3e35df5d2891cc47,"{""st_country_code"":""CN"",""st_pk_id"":""6ae6e10e-a082-42ad-ab43-768c5515ed27"",""st_country"":""中国"",""st_city"":""成都市"",""st_os"":""PC"",""properties"":{""current_page_name"":""apikey_page"",""current_page_url"":""https://odirouter.ai/en/dashboard/api-keys"",""element_module"":""create_api_key"",""element_name"":""Create"",""extend"":"""",""platform_type"":""web"",""ref_page_url"":""https://odirouter.ai/en/dashboard/home"",""element_type"":""1"",""adid"":"""",""error_message"":"""",""element_content"":""t1""},""st_role_id"":""51"",""st_extend_info"":""{\""system_time\"":1783829639682,\""local_time\"":1783829641064,\""diff\"":-1382}"",""st_app_key"":""618025f4e02aff8f3e35df5d2891cc47"",""st_account_id"":""51"",""st_distinct_id"":""fab31f5b-0fed-490e-b32f-54d5cd488d15"",""st_save_time"":1783829641,""st_user_id"":""0000e86c-6d23-4bd9-bb3e-1438c9e5d5ae"",""st_event_time"":1783829641064,""st_province"":""四川省"",""st_unique_id"":""9c961471-c943-4706-a44a-6946f95ad1a3"",""st_event_name"":""log_click_client"",""st_system_language"":""ZH-CN"",""st_ip"":""171.223.215.48""}",,1,,{},1783829644242,2026-07-12 04:14:04.306491,1783829641000
2026-07-12,log_click_client,2026-07-12,5_1697,event_track,618025f4e02aff8f3e35df5d2891cc47,"{""st_distinct_id"":""fab31f5b-0fed-490e-b32f-54d5cd488d15"",""st_province"":""四川省"",""st_app_key"":""618025f4e02aff8f3e35df5d2891cc47"",""st_role_id"":""51"",""st_save_time"":1783829647,""properties"":{""ref_page_url"":""https://odirouter.ai/en/dashboard/home"",""element_module"":""create_api_key_success"",""element_name"":""Saved it"",""adid"":"""",""extend"":"""",""platform_type"":""web"",""current_page_name"":""apikey_page"",""current_page_url"":""https://odirouter.ai/en/dashboard/api-keys""},""st_pk_id"":""a52af79f-1690-4fc3-b6bf-2d41b2940d45"",""st_event_time"":1783829641735,""st_os"":""PC"",""st_extend_info"":""{\""system_time\"":1783829640353,\""local_time\"":1783829641735,\""diff\"":-1382}"",""st_ip"":""171.223.215.48"",""st_city"":""成都市"",""st_country_code"":""CN"",""st_account_id"":""51"",""st_unique_id"":""9bb12bfc-c00a-46e2-8cae-f73fd6f167bb"",""st_event_name"":""log_click_client"",""st_country"":""中国"",""st_system_language"":""ZH-CN"",""st_user_id"":""0000e86c-6d23-4bd9-bb3e-1438c9e5d5ae""}",,1,,{},1783829648770,2026-07-12 04:14:08.809419,1783829647000
2026-07-12,log_click_client,2026-07-12,11_1658,event_track,618025f4e02aff8f3e35df5d2891cc47,"{""st_pk_id"":""cc9b661f-b3d3-42f5-a2ca-f92a2f33fa6c"",""st_extend_info"":""{\""system_time\"":1783829647053,\""local_time\"":1783829648435,\""diff\"":-1382}"",""st_unique_id"":""01e1f5f7-d7dd-4c02-b52b-9d4cef72b2e6"",""st_province"":""四川省"",""st_event_time"":1783829648434,""st_country_code"":""CN"",""st_app_key"":""618025f4e02aff8f3e35df5d2891cc47"",""st_save_time"":1783829657,""st_country"":""中国"",""st_account_id"":""51"",""properties"":{""element_name"":""Delete"",""adid"":"""",""extend"":"""",""platform_type"":""web"",""current_page_name"":""apikey_page"",""current_page_url"":""https://odirouter.ai/en/dashboard/api-keys"",""ref_page_url"":""https://odirouter.ai/en/dashboard/home""},""st_ip"":""171.223.215.48"",""st_distinct_id"":""fab31f5b-0fed-490e-b32f-54d5cd488d15"",""st_role_id"":""51"",""st_os"":""PC"",""st_city"":""成都市"",""st_event_name"":""log_click_client"",""st_system_language"":""ZH-CN"",""st_user_id"":""0000e86c-6d23-4bd9-bb3e-1438c9e5d5ae""}",,1,,{},1783829658775,2026-07-12 04:14:18.815982,1783829657000
2026-07-12,log_click_client,2026-07-12,7_1680,event_track,618025f4e02aff8f3e35df5d2891cc47,"{""st_account_id"":""51"",""st_city"":""成都市"",""st_country"":""中国"",""st_unique_id"":""bccbb21e-4639-4fe5-b5dc-688027e12e55"",""st_pk_id"":""83fe4416-0656-46f1-9a6f-3e4333b2467c"",""st_event_time"":1783829647552,""st_app_key"":""618025f4e02aff8f3e35df5d2891cc47"",""st_province"":""四川省"",""st_country_code"":""CN"",""st_system_language"":""ZH-CN"",""st_extend_info"":""{\""system_time\"":1783829646170,\""local_time\"":1783829647552,\""diff\"":-1382}"",""st_ip"":""171.223.215.48"",""properties"":{""adid"":"""",""extend"":"""",""platform_type"":""web"",""current_page_name"":""apikey_page"",""current_page_url"":""https://odirouter.ai/en/dashboard/api-keys"",""ref_page_url"":""https://odirouter.ai/en/dashboard/home"",""element_name"":""Delete""},""st_os"":""PC"",""st_save_time"":1783829657,""st_user_id"":""0000e86c-6d23-4bd9-bb3e-1438c9e5d5ae"",""st_distinct_id"":""fab31f5b-0fed-490e-b32f-54d5cd488d15"",""st_event_name"":""log_click_client"",""st_role_id"":""51""}",,1,,{},1783829658776,2026-07-12 04:14:18.816105,1783829657000
2026-07-12,log_click_client,2026-07-12,10_1640,event_track,618025f4e02aff8f3e35df5d2891cc47,"{""st_unique_id"":""984166b1-9536-41ce-b468-439cc5f971e5"",""st_save_time"":1783829657,""st_event_name"":""log_click_client"",""st_country_code"":""CN"",""st_event_time"":1783829646602,""st_distinct_id"":""fab31f5b-0fed-490e-b32f-54d5cd488d15"",""st_user_id"":""0000e86c-6d23-4bd9-bb3e-1438c9e5d5ae"",""properties"":{""platform_type"":""web"",""current_page_name"":""apikey_page"",""current_page_url"":""https://odirouter.ai/en/dashboard/api-keys"",""ref_page_url"":""https://odirouter.ai/en/dashboard/home"",""element_name"":""Actions"",""adid"":"""",""extend"":""""},""st_country"":""中国"",""st_role_id"":""51"",""st_province"":""四川省"",""st_account_id"":""51"",""st_pk_id"":""5744dee3-ff51-4789-a120-6a0ffbccda0f"",""st_os"":""PC"",""st_city"":""成都市"",""st_extend_info"":""{\""system_time\"":1783829645220,\""local_time\"":1783829646602,\""diff\"":-1382}"",""st_ip"":""171.223.215.48"",""st_app_key"":""618025f4e02aff8f3e35df5d2891cc47"",""st_system_language"":""ZH-CN""}",,1,,{},1783829658776,2026-07-12 04:14:18.816183,1783829657000
2026-07-12,log_apikey_server,2026-07-12,1_1647,event_track,618025f4e02aff8f3e35df5d2891cc47,"{""st_account_id"":""51"",""st_unique_id"":""019f5488-0094-7606-a96c-6bed598f8ee7"",""st_app_key"":""618025f4e02aff8f3e35df5d2891cc47"",""st_user_id"":""0000e86c-6d23-4bd9-bb3e-1438c9e5d5ae"",""st_type"":""track"",""st_pk_id"":""23553e6c-a0f9-4a85-b483-b7f9b995ff15"",""st_event_name"":""log_apikey_server"",""st_ip"":""117.174.76.140"",""properties"":{""apikey"":""120"",""change_type"":""create"",""platform_type"":""web""},""st_save_time"":1783829627,""st_role_id"":""51"",""st_distinct_id"":""fab31f5b-0fed-490e-b32f-54d5cd488d15"",""st_event_time"":1783829627028}",,1,,{},1783829629883,2026-07-12 04:13:49.897187,1783829627000
2026-07-12,log_apikey_server,2026-07-12,1_1648,event_track,618025f4e02aff8f3e35df5d2891cc47,"{""properties"":{""change_type"":""disable"",""apikey"":""120"",""platform_type"":""web""},""st_user_id"":""0000e86c-6d23-4bd9-bb3e-1438c9e5d5ae"",""st_account_id"":""51"",""st_event_name"":""log_apikey_server"",""st_pk_id"":""5434d5df-6238-487b-ae5b-0ef085157142"",""st_type"":""track"",""st_ip"":""117.174.76.140"",""st_unique_id"":""019f5488-1c67-78b4-88c5-65bf33dd43f5"",""st_role_id"":""51"",""st_save_time"":1783829634,""st_app_key"":""618025f4e02aff8f3e35df5d2891cc47"",""st_distinct_id"":""fab31f5b-0fed-490e-b32f-54d5cd488d15"",""st_event_time"":1783829634151}",,1,,{},1783829636109,2026-07-12 04:13:56.201317,1783829634000
2026-07-12,log_apikey_server,2026-07-12,8_1646,event_track,618025f4e02aff8f3e35df5d2891cc47,"{""st_account_id"":""51"",""st_role_id"":""51"",""st_distinct_id"":""fab31f5b-0fed-490e-b32f-54d5cd488d15"",""st_event_name"":""log_apikey_server"",""st_save_time"":1783829640,""st_app_key"":""618025f4e02aff8f3e35df5d2891cc47"",""st_event_time"":1783829639547,""st_ip"":""117.174.76.140"",""st_type"":""track"",""properties"":{""change_type"":""create"",""platform_type"":""web"",""apikey"":""121""},""st_user_id"":""0000e86c-6d23-4bd9-bb3e-1438c9e5d5ae"",""st_unique_id"":""019f5488-317b-73d2-9c25-f4236f4b144d"",""st_pk_id"":""fde20d4c-e716-4530-aebb-80902431f096""}",,1,,{},1783829641113,2026-07-12 04:14:01.204744,1783829640000
2026-07-12,st_users,2026-07-12,1_28,user,618025f4e02aff8f3e35df5d2891cc47,"{""st_unique_id"":""019f5488-559b-71ac-8c3e-450c79d3f7f9"",""properties"":[{""utm_source"":""website"",""channel"":""pikabu"",""st_type"":""user_set""}],""st_account_id"":""51"",""st_event_time"":1783829648794,""st_save_time"":1783829649,""st_pk_id"":""d57af45f-6598-4c4d-a751-ff7ab9b8bb1e"",""st_distinct_id"":""fab31f5b-0fed-490e-b32f-54d5cd488d15"",""st_role_id"":""51"",""st_app_key"":""618025f4e02aff8f3e35df5d2891cc47"",""st_user_id"":""0000e86c-6d23-4bd9-bb3e-1438c9e5d5ae""}","{""st_unique_id"":""019f5488-559b-71ac-8c3e-450c79d3f7f9"",""st_account_id"":""51"",""st_event_time"":1783829648794,""st_save_time"":1783829649,""st_pk_id"":""d57af45f-6598-4c4d-a751-ff7ab9b8bb1e"",""st_distinct_id"":""fab31f5b-0fed-490e-b32f-54d5cd488d15"",""st_role_id"":""51"",""st_app_key"":""618025f4e02aff8f3e35df5d2891cc47"",""st_user_id"":""0000e86c-6d23-4bd9-bb3e-1438c9e5d5ae"",""st_kafka_offset"":""1_28"",""st_update_at"":""2026-07-12 04:14:11""}",3,3,"{""3"":[""属性名【utm_source】在埋点方案中不存在"",""属性名【channel】在埋点方案中不存在""]}",1783829650946,2026-07-12 04:14:11.010984,1783829649000
2026-07-12,log_login_server,2026-07-12,11_1654,event_track,618025f4e02aff8f3e35df5d2891cc47,"{""st_role_id"":""51"",""st_pk_id"":""2bfb96f7-7290-4dcf-bf11-940016ae6fe0"",""st_account_id"":""51"",""st_type"":""track"",""st_save_time"":1783829599,""st_distinct_id"":""fab31f5b-0fed-490e-b32f-54d5cd488d15"",""st_event_name"":""log_login_server"",""st_user_id"":""0000e86c-6d23-4bd9-bb3e-1438c9e5d5ae"",""st_unique_id"":""019f5487-8490-7dcc-bd95-33a5957445e3"",""properties"":{""platform_type"":""web"",""login_channel"":""password""},""st_ip"":""117.174.76.140"",""st_app_key"":""618025f4e02aff8f3e35df5d2891cc47"",""st_event_time"":1783829595280}",,1,,{},1783829601877,2026-07-12 04:13:21.979608,1783829599000
2026-07-12,log_apikey_server,2026-07-12,1_1649,event_track,618025f4e02aff8f3e35df5d2891cc47,"{""st_event_name"":""log_apikey_server"",""st_unique_id"":""019f5488-559b-71be-9f19-0271e1e121a5"",""properties"":{""change_type"":""delete"",""platform_type"":""web"",""apikey"":""120""},""st_save_time"":1783829649,""st_app_key"":""618025f4e02aff8f3e35df5d2891cc47"",""st_account_id"":""51"",""st_event_time"":1783829648794,""st_pk_id"":""cc76e22b-1ac6-4356-8026-bad64c9da84a"",""st_role_id"":""51"",""st_distinct_id"":""fab31f5b-0fed-490e-b32f-54d5cd488d15"",""st_type"":""track"",""st_ip"":""117.174.76.140"",""st_user_id"":""0000e86c-6d23-4bd9-bb3e-1438c9e5d5ae""}",,1,,{},1783829650772,2026-07-12 04:14:10.810717,1783829649000
2026-07-12,log_click_client,2026-07-12,7_1677,event_track,618025f4e02aff8f3e35df5d2891cc47,"{""st_os"":""PC"",""st_unique_id"":""6eabe65a-65ec-4ec5-a78b-fed3de179b04"",""st_app_key"":""618025f4e02aff8f3e35df5d2891cc47"",""st_system_language"":""ZH-CN"",""properties"":{""element_name"":""Sign in"",""adid"":"""",""extend"":"""",""platform_type"":""web"",""current_page_name"":""login_page"",""current_page_url"":""https://odirouter.ai/en/login"",""ref_page_url"":""https://odirouter.ai/en""},""st_ip"":""171.223.215.48"",""st_country"":""中国"",""st_event_name"":""log_click_client"",""st_account_id"":"""",""st_role_id"":"""",""st_extend_info"":""{\""system_time\"":1783829595047,\""local_time\"":1783829596429,\""diff\"":-1382}"",""st_city"":""成都市"",""st_user_id"":""0000e86c-6d23-4bd9-bb3e-1438c9e5d5ae"",""st_province"":""四川省"",""st_pk_id"":""b768bf27-4fd8-4d4f-b2af-76d16ab2f194"",""st_country_code"":""CN"",""st_save_time"":1783829597,""st_distinct_id"":""fab31f5b-0fed-490e-b32f-54d5cd488d15"",""st_event_time"":1783829594818}",,1,,{},1783829599649,2026-07-12 04:13:19.678140,1783829597000
2026-07-12,log_page_leave_client,2026-07-12,0_1587,event_track,618025f4e02aff8f3e35df5d2891cc47,"{""st_app_key"":""618025f4e02aff8f3e35df5d2891cc47"",""st_user_id"":""0000e86c-6d23-4bd9-bb3e-1438c9e5d5ae"",""st_event_name"":""log_page_leave_client"",""st_country_code"":""CN"",""st_os"":""PC"",""st_distinct_id"":""fab31f5b-0fed-490e-b32f-54d5cd488d15"",""st_country"":""中国"",""st_city"":""成都市"",""st_unique_id"":""75ef5889-33cb-479a-9b3f-559e1c45e23e"",""st_account_id"":""51"",""st_extend_info"":""{\""system_time\"":1783829597295,\""local_time\"":1783829598677,\""diff\"":-1382}"",""st_ip"":""171.223.215.48"",""st_event_time"":1783829598674,""properties"":{""platform_type"":""web"",""current_page_name"":""login_page"",""current_page_url"":""https://odirouter.ai/en/login"",""ref_page_url"":""https://odirouter.ai/en"",""duration"":5194,""adid"":"""",""extend"":""""},""st_role_id"":""51"",""st_province"":""四川省"",""st_pk_id"":""509792e1-2287-44f2-a9f0-44389e0f92a9"",""st_save_time"":1783829607,""st_system_language"":""ZH-CN""}",,1,,{},1783829611003,2026-07-12 04:13:31.085425,1783829607000
2026-07-12,log_click_client,2026-07-12,4_1595,event_track,618025f4e02aff8f3e35df5d2891cc47,"{""st_city"":""成都市"",""st_country"":""中国"",""st_extend_info"":""{\""system_time\"":1783829617853,\""local_time\"":1783829619235,\""diff\"":-1382}"",""st_event_name"":""log_click_client"",""st_system_language"":""ZH-CN"",""st_account_id"":""51"",""st_province"":""四川省"",""st_event_time"":1783829619235,""st_save_time"":1783829620,""st_app_key"":""618025f4e02aff8f3e35df5d2891cc47"",""st_os"":""PC"",""st_user_id"":""0000e86c-6d23-4bd9-bb3e-1438c9e5d5ae"",""st_country_code"":""CN"",""properties"":{""ref_page_url"":""https://odirouter.ai/en/login"",""element_name"":""API Keys"",""element_pos"":""left_nav"",""adid"":"""",""extend"":"""",""platform_type"":""web"",""current_page_name"":""home_page"",""current_page_url"":""https://odirouter.ai/en/dashboard/home""},""st_ip"":""171.223.215.48"",""st_unique_id"":""6f1e706f-c08d-4e7b-8a91-f90ea9c29917"",""st_role_id"":""51"",""st_pk_id"":""83658795-c18f-44c5-acf5-f904c8027f9a"",""st_distinct_id"":""fab31f5b-0fed-490e-b32f-54d5cd488d15""}",,1,,{},1783829622100,2026-07-12 04:13:42.192428,1783829620000
2026-07-12,log_click_client,2026-07-12,4_1596,event_track,618025f4e02aff8f3e35df5d2891cc47,"{""st_os"":""PC"",""st_event_name"":""log_click_client"",""st_distinct_id"":""fab31f5b-0fed-490e-b32f-54d5cd488d15"",""st_ip"":""171.223.215.48"",""st_country"":""中国"",""st_user_id"":""0000e86c-6d23-4bd9-bb3e-1438c9e5d5ae"",""st_pk_id"":""3da425a0-6442-401b-bf70-206e81db2209"",""st_province"":""四川省"",""st_city"":""成都市"",""st_account_id"":""51"",""st_unique_id"":""ff2848da-b7e5-4ee5-b25f-1ede85ad09b9"",""st_app_key"":""618025f4e02aff8f3e35df5d2891cc47"",""properties"":{""current_page_name"":""apikey_page"",""current_page_url"":""https://odirouter.ai/en/dashboard/api-keys"",""ref_page_url"":""https://odirouter.ai/en/dashboard/home"",""element_name"":""Create API Key"",""adid"":"""",""extend"":"""",""platform_type"":""web""},""st_country_code"":""CN"",""st_event_time"":1783829622385,""st_extend_info"":""{\""system_time\"":1783829621003,\""local_time\"":1783829622385,\""diff\"":-1382}"",""st_save_time"":1783829623,""st_system_language"":""ZH-CN"",""st_role_id"":""51""}",,1,,{},1783829625101,2026-07-12 04:13:45.194201,1783829623000
2026-07-12,log_page_leave_client,2026-07-12,1_1645,event_track,618025f4e02aff8f3e35df5d2891cc47,"{""st_account_id"":""51"",""st_event_time"":1783829619868,""st_unique_id"":""abdcab70-9e25-478e-8f80-2d898bef11c8"",""st_role_id"":""51"",""st_user_id"":""0000e86c-6d23-4bd9-bb3e-1438c9e5d5ae"",""st_event_name"":""log_page_leave_client"",""st_os"":""PC"",""st_country_code"":""CN"",""st_app_key"":""618025f4e02aff8f3e35df5d2891cc47"",""st_save_time"":1783829623,""properties"":{""platform_type"":""web"",""current_page_name"":""home_page"",""current_page_url"":""https://odirouter.ai/en/dashboard/home"",""ref_page_url"":""https://odirouter.ai/en/login"",""duration"":21194,""adid"":"""",""extend"":""""},""st_extend_info"":""{\""system_time\"":1783829618487,\""local_time\"":1783829619869,\""diff\"":-1382}"",""st_distinct_id"":""fab31f5b-0fed-490e-b32f-54d5cd488d15"",""st_country"":""中国"",""st_city"":""成都市"",""st_system_language"":""ZH-CN"",""st_ip"":""171.223.215.48"",""st_province"":""四川省"",""st_pk_id"":""4cedfbd8-e548-4c47-9e3c-d3ceaa673b58""}",,1,,{},1783829625101,2026-07-12 04:13:45.194337,1783829623000
2026-07-12,log_click_client,2026-07-12,11_1656,event_track,618025f4e02aff8f3e35df5d2891cc47,"{""st_event_name"":""log_click_client"",""st_account_id"":""51"",""st_unique_id"":""17370091-36fb-4ad9-b0a1-0b729e1d4bc5"",""st_country_code"":""CN"",""st_country"":""中国"",""st_city"":""成都市"",""st_user_id"":""0000e86c-6d23-4bd9-bb3e-1438c9e5d5ae"",""st_ip"":""171.223.215.48"",""st_os"":""PC"",""st_province"":""四川省"",""st_extend_info"":""{\""system_time\"":1783829627155,\""local_time\"":1783829628537,\""diff\"":-1382}"",""st_distinct_id"":""fab31f5b-0fed-490e-b32f-54d5cd488d15"",""properties"":{""element_content"":""阿萨德"",""extend"":"""",""ref_page_url"":""https://odirouter.ai/en/dashboard/home"",""error_message"":"""",""adid"":"""",""current_page_url"":""https://odirouter.ai/en/dashboard/api-keys"",""element_type"":""1"",""element_name"":""Create"",""current_page_name"":""apikey_page"",""element_module"":""create_api_key"",""platform_type"":""web""},""st_system_language"":""ZH-CN"",""st_role_id"":""51"",""st_save_time"":1783829629,""st_pk_id"":""296868c1-0cb3-401f-80f0-3f53bd59f5a9"",""st_event_time"":1783829628536,""st_app_key"":""618025f4e02aff8f3e35df5d2891cc47""}",,1,,{},1783829630759,2026-07-12 04:13:50.797804,1783829629000
2026-07-12,log_click_client,2026-07-12,7_1678,event_track,618025f4e02aff8f3e35df5d2891cc47,"{""st_country"":""中国"",""st_pk_id"":""603f4bf9-8c8d-427d-8748-5b666492fc95"",""st_city"":""成都市"",""st_ip"":""171.223.215.48"",""st_app_key"":""618025f4e02aff8f3e35df5d2891cc47"",""st_province"":""四川省"",""st_event_time"":1783829632084,""st_country_code"":""CN"",""st_save_time"":1783829632,""st_event_name"":""log_click_client"",""st_extend_info"":""{\""system_time\"":1783829630703,\""local_time\"":1783829632085,\""diff\"":-1382}"",""st_os"":""PC"",""st_account_id"":""51"",""st_unique_id"":""559570e3-2dba-4a0b-840f-9d3f591f282b"",""properties"":{""ref_page_url"":""https://odirouter.ai/en/dashboard/home"",""element_name"":""Disable"",""adid"":"""",""extend"":"""",""platform_type"":""web"",""current_page_name"":""apikey_page"",""current_page_url"":""https://odirouter.ai/en/dashboard/api-keys""},""st_role_id"":""51"",""st_system_language"":""ZH-CN"",""st_distinct_id"":""fab31f5b-0fed-490e-b32f-54d5cd488d15"",""st_user_id"":""0000e86c-6d23-4bd9-bb3e-1438c9e5d5ae""}",,1,,{},1783829634108,2026-07-12 04:13:54.200085,1783829632000
2026-07-12,log_click_client,2026-07-12,2_1533,event_track,618025f4e02aff8f3e35df5d2891cc47,"{""st_system_language"":""ZH-CN"",""st_role_id"":""51"",""st_unique_id"":""27b8dcb0-f8ff-4a28-b4b5-1963164560fb"",""st_ip"":""171.223.215.48"",""st_event_name"":""log_click_client"",""st_account_id"":""51"",""st_save_time"":1783829632,""st_os"":""PC"",""st_extend_info"":""{\""system_time\"":1783829628068,\""local_time\"":1783829629450,\""diff\"":-1382}"",""st_event_time"":1783829629450,""st_user_id"":""0000e86c-6d23-4bd9-bb3e-1438c9e5d5ae"",""st_distinct_id"":""fab31f5b-0fed-490e-b32f-54d5cd488d15"",""st_province"":""四川省"",""st_pk_id"":""e9f00ce1-0feb-4100-bd5e-ead58e87562b"",""properties"":{""ref_page_url"":""https://odirouter.ai/en/dashboard/home"",""element_module"":""create_api_key_success"",""element_name"":""Saved it"",""adid"":"""",""extend"":"""",""platform_type"":""web"",""current_page_name"":""apikey_page"",""current_page_url"":""https://odirouter.ai/en/dashboard/api-keys""},""st_country_code"":""CN"",""st_city"":""成都市"",""st_country"":""中国"",""st_app_key"":""618025f4e02aff8f3e35df5d2891cc47""}",,1,,{},1783829634109,2026-07-12 04:13:54.200213,1783829632000
2026-07-12,log_click_client,2026-07-12,8_1644,event_track,618025f4e02aff8f3e35df5d2891cc47,"{""st_app_key"":""618025f4e02aff8f3e35df5d2891cc47"",""st_event_time"":1783829630835,""st_distinct_id"":""fab31f5b-0fed-490e-b32f-54d5cd488d15"",""st_os"":""PC"",""st_extend_info"":""{\""system_time\"":1783829629453,\""local_time\"":1783829630835,\""diff\"":-1382}"",""st_save_time"":1783829632,""properties"":{""extend"":"""",""platform_type"":""web"",""current_page_name"":""apikey_page"",""current_page_url"":""https://odirouter.ai/en/dashboard/api-keys"",""ref_page_url"":""https://odirouter.ai/en/dashboard/home"",""element_name"":""Actions"",""adid"":""""},""st_city"":""成都市"",""st_account_id"":""51"",""st_country_code"":""CN"",""st_event_name"":""log_click_client"",""st_pk_id"":""022474e7-c90b-42c9-a01e-38a47e70b905"",""st_user_id"":""0000e86c-6d23-4bd9-bb3e-1438c9e5d5ae"",""st_role_id"":""51"",""st_unique_id"":""8bd16874-2092-4478-a782-9339ab3a2547"",""st_country"":""中国"",""st_province"":""四川省"",""st_ip"":""171.223.215.48"",""st_system_language"":""ZH-CN""}",,1,,{},1783829635234,2026-07-12 04:13:55.300718,1783829632000
2026-07-12,log_click_client,2026-07-12,8_1645,event_track,618025f4e02aff8f3e35df5d2891cc47,"{""st_unique_id"":""8b8e52c2-8fed-4042-8e2e-08946831a0e5"",""st_system_language"":""ZH-CN"",""st_event_name"":""log_click_client"",""st_country"":""中国"",""st_distinct_id"":""fab31f5b-0fed-490e-b32f-54d5cd488d15"",""st_country_code"":""CN"",""st_event_time"":1783829635151,""st_pk_id"":""86519474-68b3-49e9-9a01-e7564f14c0fe"",""st_province"":""四川省"",""st_extend_info"":""{\""system_time\"":1783829633769,\""local_time\"":1783829635151,\""diff\"":-1382}"",""st_city"":""成都市"",""st_ip"":""171.223.215.48"",""st_user_id"":""0000e86c-6d23-4bd9-bb3e-1438c9e5d5ae"",""st_account_id"":""51"",""st_app_key"":""618025f4e02aff8f3e35df5d2891cc47"",""st_save_time"":1783829636,""properties"":{""platform_type"":""web"",""current_page_name"":""apikey_page"",""current_page_url"":""https://odirouter.ai/en/dashboard/api-keys"",""ref_page_url"":""https://odirouter.ai/en/dashboard/home"",""element_name"":""Create API Key"",""adid"":"""",""extend"":""""},""st_role_id"":""51"",""st_os"":""PC""}",,1,,{},1783829637763,2026-07-12 04:13:57.802279,1783829636000
2026-07-12,log_click_client,2026-07-12,7_1679,event_track,618025f4e02aff8f3e35df5d2891cc47,"{""st_user_id"":""0000e86c-6d23-4bd9-bb3e-1438c9e5d5ae"",""st_pk_id"":""a1f60777-9fdd-4111-9484-5e263381e437"",""st_extend_info"":""{\""system_time\"":1783829631819,\""local_time\"":1783829633201,\""diff\"":-1382}"",""st_event_time"":1783829633201,""st_account_id"":""51"",""st_system_language"":""ZH-CN"",""st_city"":""成都市"",""st_event_name"":""log_click_client"",""st_os"":""PC"",""st_role_id"":""51"",""st_ip"":""171.223.215.48"",""st_country_code"":""CN"",""st_distinct_id"":""fab31f5b-0fed-490e-b32f-54d5cd488d15"",""st_save_time"":1783829636,""st_app_key"":""618025f4e02aff8f3e35df5d2891cc47"",""st_unique_id"":""c766185f-0fdc-4dcf-b380-32228168093f"",""st_province"":""四川省"",""st_country"":""中国"",""properties"":{""element_name"":""Disable"",""adid"":"""",""extend"":"""",""platform_type"":""web"",""current_page_name"":""apikey_page"",""current_page_url"":""https://odirouter.ai/en/dashboard/api-keys"",""ref_page_url"":""https://odirouter.ai/en/dashboard/home""}}",,1,,{},1783829637888,2026-07-12 04:13:57.902320,1783829636000
2026-07-12,st_users,2026-07-12,1_24,user,618025f4e02aff8f3e35df5d2891cc47,"{""st_event_time"":1783829595280,""st_save_time"":1783829603,""st_app_key"":""618025f4e02aff8f3e35df5d2891cc47"",""st_role_id"":""51"",""st_user_id"":""0000e86c-6d23-4bd9-bb3e-1438c9e5d5ae"",""st_unique_id"":""019f5487-8490-7db7-9941-6245d05b119e"",""st_distinct_id"":""fab31f5b-0fed-490e-b32f-54d5cd488d15"",""properties"":[{""utm_source"":""website"",""channel"":""pikabu"",""st_type"":""user_set""}],""st_pk_id"":""9925c837-69b2-48ee-8e11-ac34d716f0fd"",""st_account_id"":""51""}","{""st_event_time"":1783829595280,""st_save_time"":1783829603,""st_app_key"":""618025f4e02aff8f3e35df5d2891cc47"",""st_role_id"":""51"",""st_user_id"":""0000e86c-6d23-4bd9-bb3e-1438c9e5d5ae"",""st_unique_id"":""019f5487-8490-7db7-9941-6245d05b119e"",""st_distinct_id"":""fab31f5b-0fed-490e-b32f-54d5cd488d15"",""st_pk_id"":""9925c837-69b2-48ee-8e11-ac34d716f0fd"",""st_account_id"":""51"",""st_kafka_offset"":""1_24"",""st_update_at"":""2026-07-12 04:13:24""}",3,3,"{""3"":[""属性名【utm_source】在埋点方案中不存在"",""属性名【channel】在埋点方案中不存在""]}",1783829604871,2026-07-12 04:13:24.881504,1783829603000
2026-07-12,st_users,2026-07-12,1_25,user,618025f4e02aff8f3e35df5d2891cc47,"{""st_role_id"":""51"",""st_pk_id"":""56760e44-92b6-49b1-94a9-e87120e1b68e"",""properties"":[{""st_type"":""user_set"",""utm_source"":""website"",""channel"":""pikabu""}],""st_save_time"":1783829627,""st_account_id"":""51"",""st_event_time"":1783829627028,""st_app_key"":""618025f4e02aff8f3e35df5d2891cc47"",""st_distinct_id"":""fab31f5b-0fed-490e-b32f-54d5cd488d15"",""st_user_id"":""0000e86c-6d23-4bd9-bb3e-1438c9e5d5ae"",""st_unique_id"":""019f5488-0094-75ef-9eaf-fabd3feaf9a6""}","{""st_role_id"":""51"",""st_pk_id"":""56760e44-92b6-49b1-94a9-e87120e1b68e"",""st_save_time"":1783829627,""st_account_id"":""51"",""st_event_time"":1783829627028,""st_app_key"":""618025f4e02aff8f3e35df5d2891cc47"",""st_distinct_id"":""fab31f5b-0fed-490e-b32f-54d5cd488d15"",""st_user_id"":""0000e86c-6d23-4bd9-bb3e-1438c9e5d5ae"",""st_unique_id"":""019f5488-0094-75ef-9eaf-fabd3feaf9a6"",""st_kafka_offset"":""1_25"",""st_update_at"":""2026-07-12 04:13:49""}",3,3,"{""3"":[""属性名【utm_source】在埋点方案中不存在"",""属性名【channel】在埋点方案中不存在""]}",1783829629063,2026-07-12 04:13:49.096818,1783829627000
2026-07-12,st_users,2026-07-12,1_26,user,618025f4e02aff8f3e35df5d2891cc47,"{""st_account_id"":""51"",""st_pk_id"":""0f2142c2-5ed5-4314-919d-1ea31fba240e"",""st_user_id"":""0000e86c-6d23-4bd9-bb3e-1438c9e5d5ae"",""st_unique_id"":""019f5488-1c67-78a1-943e-84cc6bafdd3e"",""st_save_time"":1783829634,""st_distinct_id"":""fab31f5b-0fed-490e-b32f-54d5cd488d15"",""st_role_id"":""51"",""st_event_time"":1783829634151,""properties"":[{""st_type"":""user_set"",""utm_source"":""website"",""channel"":""pikabu""}],""st_app_key"":""618025f4e02aff8f3e35df5d2891cc47""}","{""st_account_id"":""51"",""st_pk_id"":""0f2142c2-5ed5-4314-919d-1ea31fba240e"",""st_user_id"":""0000e86c-6d23-4bd9-bb3e-1438c9e5d5ae"",""st_unique_id"":""019f5488-1c67-78a1-943e-84cc6bafdd3e"",""st_save_time"":1783829634,""st_distinct_id"":""fab31f5b-0fed-490e-b32f-54d5cd488d15"",""st_role_id"":""51"",""st_event_time"":1783829634151,""st_app_key"":""618025f4e02aff8f3e35df5d2891cc47"",""st_kafka_offset"":""1_26"",""st_update_at"":""2026-07-12 04:13:55""}",3,3,"{""3"":[""属性名【utm_source】在埋点方案中不存在"",""属性名【channel】在埋点方案中不存在""]}",1783829635760,2026-07-12 04:13:55.801153,1783829634000
2026-07-12,st_users,2026-07-12,1_27,user,618025f4e02aff8f3e35df5d2891cc47,"{""st_distinct_id"":""fab31f5b-0fed-490e-b32f-54d5cd488d15"",""st_role_id"":""51"",""st_pk_id"":""3b40f459-b010-494c-b0f3-d4d914f0b6d9"",""st_unique_id"":""019f5488-317b-73b8-a57f-8f8d8df8fecf"",""st_app_key"":""618025f4e02aff8f3e35df5d2891cc47"",""st_event_time"":1783829639547,""st_account_id"":""51"",""properties"":[{""channel"":""pikabu"",""st_type"":""user_set"",""utm_source"":""website""}],""st_user_id"":""0000e86c-6d23-4bd9-bb3e-1438c9e5d5ae"",""st_save_time"":1783829640}","{""st_distinct_id"":""fab31f5b-0fed-490e-b32f-54d5cd488d15"",""st_role_id"":""51"",""st_pk_id"":""3b40f459-b010-494c-b0f3-d4d914f0b6d9"",""st_unique_id"":""019f5488-317b-73b8-a57f-8f8d8df8fecf"",""st_app_key"":""618025f4e02aff8f3e35df5d2891cc47"",""st_event_time"":1783829639547,""st_account_id"":""51"",""st_user_id"":""0000e86c-6d23-4bd9-bb3e-1438c9e5d5ae"",""st_save_time"":1783829640,""st_kafka_offset"":""1_27"",""st_update_at"":""2026-07-12 04:14:01""}",3,3,"{""3"":[""属性名【utm_source】在埋点方案中不存在"",""属性名【channel】在埋点方案中不存在""]}",1783829641114,2026-07-12 04:14:01.204595,1783829640000
2026-07-12,log_click_client,2026-07-12,3_1587,event_track,618025f4e02aff8f3e35df5d2891cc47,"{""st_unique_id"":""152bc2a0-2d68-40a5-aa4d-6b14bd624b68"",""st_country"":""中国"",""st_save_time"":1783825724,""st_ip"":""171.223.215.48"",""st_country_code"":""CN"",""st_app_key"":""618025f4e02aff8f3e35df5d2891cc47"",""st_city"":""成都市"",""st_event_name"":""log_click_client"",""st_extend_info"":""{\""system_time\"":1783825722876,\""local_time\"":1783825723299,\""diff\"":-423}"",""st_event_time"":1783825723298,""properties"":{""element_name"":""avatar"",""element_pos"":""top_nav"",""adid"":"""",""extend"":"""",""platform_type"":""web"",""current_page_name"":""home_page"",""current_page_url"":""https://odirouter.ai/en/dashboard/home"",""ref_page_url"":""""},""st_user_id"":""0000e86c-6d23-4bd9-bb3e-1438c9e5d5ae"",""st_province"":""四川省"",""st_role_id"":""51"",""st_os"":""PC"",""st_account_id"":""51"",""st_system_language"":""ZH-CN"",""st_distinct_id"":""fab31f5b-0fed-490e-b32f-54d5cd488d15"",""st_pk_id"":""ba33c17e-38e2-4414-a04e-24aac081e78b""}",,1,,{},1783825726664,2026-07-12 03:08:46.738578,1783825724000
2026-07-12,log_click_client,2026-07-12,1_1644,event_track,618025f4e02aff8f3e35df5d2891cc47,"{""st_country"":""中国"",""st_ip"":""171.223.215.48"",""st_city"":""成都市"",""st_user_id"":""0000e86c-6d23-4bd9-bb3e-1438c9e5d5ae"",""st_distinct_id"":""fab31f5b-0fed-490e-b32f-54d5cd488d15"",""st_app_key"":""618025f4e02aff8f3e35df5d2891cc47"",""st_event_time"":1783825724080,""st_system_language"":""ZH-CN"",""st_pk_id"":""6db578fb-1552-4c18-8dfd-ea498b4921ff"",""st_save_time"":1783825731,""st_event_name"":""log_click_client"",""properties"":{""adid"":"""",""extend"":"""",""platform_type"":""web"",""current_page_name"":""home_page"",""current_page_url"":""https://odirouter.ai/en/dashboard/home"",""ref_page_url"":"""",""element_name"":""Sign out"",""element_pos"":""top_nav""},""st_account_id"":""51"",""st_role_id"":""51"",""st_province"":""四川省"",""st_country_code"":""CN"",""st_os"":""PC"",""st_extend_info"":""{\""system_time\"":1783825723657,\""local_time\"":1783825724080,\""diff\"":-423}"",""st_unique_id"":""fa1ed184-2c73-458c-901b-591f50a0e5c9""}",,1,,{},1783825737100,2026-07-12 03:08:57.145129,1783825731000
2026-07-12,log_page_leave_client,2026-07-12,8_1639,event_track,618025f4e02aff8f3e35df5d2891cc47,"{""st_country_code"":""CN"",""st_ip"":""171.223.215.48"",""st_save_time"":1783825744,""st_user_id"":""0000e86c-6d23-4bd9-bb3e-1438c9e5d5ae"",""st_account_id"":"""",""st_event_time"":1783825743333,""properties"":{""current_page_url"":""https://odirouter.ai/en/dashboard/home"",""ref_page_url"":"""",""duration"":183676,""adid"":"""",""extend"":"""",""platform_type"":""web"",""current_page_name"":""home_page""},""st_os"":""PC"",""st_system_language"":""ZH-CN"",""st_role_id"":"""",""st_app_key"":""618025f4e02aff8f3e35df5d2891cc47"",""st_pk_id"":""fbd0cedd-0360-496e-90fc-da36c86dd153"",""st_province"":""四川省"",""st_event_name"":""log_page_leave_client"",""st_unique_id"":""2809ed42-fa68-493e-bf6e-87f6fd8528af"",""st_city"":""成都市"",""st_extend_info"":""{\""system_time\"":1783825742911,\""local_time\"":1783825743334,\""diff\"":-423}"",""st_country"":""中国"",""st_distinct_id"":""fab31f5b-0fed-490e-b32f-54d5cd488d15""}",,1,,{},1783825746712,2026-07-12 03:09:06.750986,1783825744000
2026-07-12,log_click_client,2026-07-12,0_1585,event_track,618025f4e02aff8f3e35df5d2891cc47,"{""st_save_time"":1783825748,""st_country"":""中国"",""st_country_code"":""CN"",""properties"":{""element_pos"":""top_nav"",""element_content"":""get_free_credits"",""extend"":"""",""current_page_url"":""https://odirouter.ai/en"",""adid"":"""",""element_name"":""top_banner"",""current_page_name"":""public_home_page"",""ref_page_url"":""https://odirouter.ai/en/dashboard/home"",""platform_type"":""web""},""st_pk_id"":""45f27daa-9c0b-4886-96e6-ecb5e1da5e29"",""st_system_language"":""ZH-CN"",""st_unique_id"":""b497b5d8-69b3-4bbd-bddc-7b85ab2eae08"",""st_account_id"":"""",""st_user_id"":""0000e86c-6d23-4bd9-bb3e-1438c9e5d5ae"",""st_ip"":""171.223.215.48"",""st_event_time"":1783825747447,""st_app_key"":""618025f4e02aff8f3e35df5d2891cc47"",""st_os"":""PC"",""st_event_name"":""log_click_client"",""st_province"":""四川省"",""st_city"":""成都市"",""st_role_id"":"""",""st_distinct_id"":""fab31f5b-0fed-490e-b32f-54d5cd488d15"",""st_extend_info"":""{\""system_time\"":1783825747024,\""local_time\"":1783825747447,\""diff\"":-423}""}",,1,,{},1783825751121,2026-07-12 03:09:11.153600,1783825748000
2026-07-12,log_click_client,2026-07-12,0_1586,event_track,618025f4e02aff8f3e35df5d2891cc47,"{""st_role_id"":"""",""st_app_key"":""618025f4e02aff8f3e35df5d2891cc47"",""st_country"":""中国"",""st_distinct_id"":""fab31f5b-0fed-490e-b32f-54d5cd488d15"",""st_city"":""成都市"",""st_pk_id"":""2a177691-8588-4abd-898f-d067df4152fe"",""st_country_code"":""CN"",""st_province"":""四川省"",""st_unique_id"":""cec7a701-bc45-46c0-b13d-edba2cb5d976"",""st_ip"":""171.223.215.48"",""st_os"":""PC"",""st_account_id"":"""",""properties"":{""platform_type"":""web"",""current_page_url"":""https://odirouter.ai/en"",""element_tab"":""public_home_page_top_banner_click"",""element_module"":""reward_task"",""adid"":"""",""extend"":"""",""element_name"":""create account"",""ref_page_url"":""https://odirouter.ai/en/dashboard/home"",""current_page_name"":""public_home_page""},""st_extend_info"":""{\""system_time\"":1783825747891,\""local_time\"":1783825748314,\""diff\"":-423}"",""st_save_time"":1783825751,""st_event_time"":1783825748314,""st_user_id"":""0000e86c-6d23-4bd9-bb3e-1438c9e5d5ae"",""st_event_name"":""log_click_client"",""st_system_language"":""ZH-CN""}",,1,,{},1783825753679,2026-07-12 03:09:13.755296,1783825751000
2026-07-12,log_register_failed_client,2026-07-12,6_1670,event_track,618025f4e02aff8f3e35df5d2891cc47,"{""st_event_name"":""log_register_failed_client"",""st_country_code"":""CN"",""st_app_key"":""618025f4e02aff8f3e35df5d2891cc47"",""st_unique_id"":""11eda751-ec4b-4259-964b-e673f901e2ba"",""st_province"":""四川省"",""st_system_language"":""ZH-CN"",""st_country"":""中国"",""st_account_id"":"""",""st_save_time"":1783825768,""st_event_time"":1783825767769,""st_os"":""PC"",""st_distinct_id"":""fab31f5b-0fed-490e-b32f-54d5cd488d15"",""st_role_id"":"""",""st_extend_info"":""{\""system_time\"":1783825767350,\""local_time\"":1783825767773,\""diff\"":-423}"",""st_pk_id"":""644d102a-4904-4a8b-9901-f53bb4082a87"",""properties"":{""adid"":"""",""extend"":"""",""platform_type"":""web"",""error_message"":""Please enter the verification code."",""register_channel"":""email""},""st_ip"":""171.223.215.48"",""st_city"":""成都市"",""st_user_id"":""0000e86c-6d23-4bd9-bb3e-1438c9e5d5ae""}",,1,,{},1783825770568,2026-07-12 03:09:30.666181,1783825768000
2026-07-12,log_click_client,2026-07-12,8_1640,event_track,618025f4e02aff8f3e35df5d2891cc47,"{""st_os"":""PC"",""st_unique_id"":""de983f9d-6aa8-4e44-a502-1d9c36ffa98b"",""st_country_code"":""CN"",""st_city"":""成都市"",""st_app_key"":""618025f4e02aff8f3e35df5d2891cc47"",""st_distinct_id"":""fab31f5b-0fed-490e-b32f-54d5cd488d15"",""st_extend_info"":""{\""system_time\"":1783825782957,\""local_time\"":1783825783380,\""diff\"":-423}"",""st_user_id"":""0000e86c-6d23-4bd9-bb3e-1438c9e5d5ae"",""st_country"":""中国"",""st_event_name"":""log_click_client"",""st_ip"":""171.223.215.48"",""st_account_id"":"""",""st_save_time"":1783825784,""st_role_id"":"""",""st_pk_id"":""3bd8fd70-0df1-4c77-9a4d-c94e574d0509"",""st_system_language"":""ZH-CN"",""properties"":{""adid"":"""",""extend"":"""",""platform_type"":""web"",""current_page_name"":""public_home_page"",""current_page_url"":""https://odirouter.ai/en"",""ref_page_url"":""https://odirouter.ai/en/dashboard/home"",""element_name"":""Close promo"",""element_pos"":""top_nav""},""st_province"":""四川省"",""st_event_time"":1783825783380}",,1,,{},1783825786578,2026-07-12 03:09:46.676219,1783825784000
2026-07-12,log_page_leave_client,2026-07-12,4_1593,event_track,618025f4e02aff8f3e35df5d2891cc47,"{""st_pk_id"":""6ef02d59-eb05-4796-b9e4-a9a37f2bdc42"",""st_country_code"":""CN"",""st_city"":""成都市"",""st_os"":""PC"",""st_system_language"":""ZH-CN"",""st_event_name"":""log_page_leave_client"",""st_save_time"":1783825789,""st_account_id"":"""",""st_country"":""中国"",""st_unique_id"":""bf4a8569-b99c-4121-84ff-dd2042ff9ac9"",""properties"":{""ref_page_url"":""https://odirouter.ai/en/dashboard/home"",""duration"":45625,""adid"":"""",""extend"":"""",""platform_type"":""web"",""current_page_name"":""public_home_page"",""current_page_url"":""https://odirouter.ai/en""},""st_extend_info"":""{\""system_time\"":1783825788536,\""local_time\"":1783825788959,\""diff\"":-423}"",""st_distinct_id"":""fab31f5b-0fed-490e-b32f-54d5cd488d15"",""st_province"":""四川省"",""st_ip"":""171.223.215.48"",""st_app_key"":""618025f4e02aff8f3e35df5d2891cc47"",""st_event_time"":1783825788958,""st_user_id"":""0000e86c-6d23-4bd9-bb3e-1438c9e5d5ae"",""st_role_id"":""""}",,1,,{},1783825791131,2026-07-12 03:09:51.179104,1783825789000
2026-07-12,log_click_client,2026-07-12,11_1653,event_track,618025f4e02aff8f3e35df5d2891cc47,"{""st_province"":""四川省"",""st_user_id"":""0000e86c-6d23-4bd9-bb3e-1438c9e5d5ae"",""st_os"":""PC"",""st_account_id"":"""",""st_system_language"":""ZH-CN"",""st_app_key"":""618025f4e02aff8f3e35df5d2891cc47"",""st_country"":""中国"",""st_distinct_id"":""fab31f5b-0fed-490e-b32f-54d5cd488d15"",""st_city"":""成都市"",""st_extend_info"":""{\""system_time\"":1783825785594,\""local_time\"":1783825786017,\""diff\"":-423}"",""properties"":{""element_pos"":""top_nav"",""adid"":"""",""extend"":"""",""platform_type"":""web"",""current_page_name"":""public_home_page"",""current_page_url"":""https://odirouter.ai/en"",""ref_page_url"":""https://odirouter.ai/en/dashboard/home"",""element_name"":""Sign in""},""st_role_id"":"""",""st_save_time"":1783825789,""st_pk_id"":""9dea4eb1-1400-43f8-b3c5-fb3bb7dff266"",""st_ip"":""171.223.215.48"",""st_event_name"":""log_click_client"",""st_country_code"":""CN"",""st_unique_id"":""4ffb99ca-8c6e-494b-b897-eb100129c8c7"",""st_event_time"":1783825786017}",,1,,{},1783825792133,2026-07-12 03:09:52.179751,1783825789000
2026-07-12,log_page_expose_client,2026-07-12,5_1695,event_track,618025f4e02aff8f3e35df5d2891cc47,"{""st_country_code"":""CN"",""st_event_name"":""log_page_expose_client"",""st_user_id"":""0000e86c-6d23-4bd9-bb3e-1438c9e5d5ae"",""properties"":{""extend"":"""",""platform_type"":""web"",""current_page_name"":""public_home_page"",""current_page_url"":""https://odirouter.ai/en"",""ref_page_url"":""https://odirouter.ai/en/dashboard/home"",""adid"":""""},""st_distinct_id"":""fab31f5b-0fed-490e-b32f-54d5cd488d15"",""st_province"":""四川省"",""st_event_time"":1783825743333,""st_system_language"":""ZH-CN"",""st_role_id"":"""",""st_os"":""PC"",""st_account_id"":"""",""st_ip"":""171.223.215.48"",""st_country"":""中国"",""st_unique_id"":""ffcf9bcf-c472-4b8d-ae87-eeb4b77832ff"",""st_app_key"":""618025f4e02aff8f3e35df5d2891cc47"",""st_city"":""成都市"",""st_save_time"":1783825744,""st_extend_info"":""{\""system_time\"":1783825742911,\""local_time\"":1783825743334,\""diff\"":-423}"",""st_pk_id"":""9f15f36f-4d3a-44b8-adc4-1f0778f5f38a""}",,1,,{},1783825747802,2026-07-12 03:09:07.851640,1783825744000
2026-07-12,log_element_expose_client,2026-07-12,9_1547,event_track,618025f4e02aff8f3e35df5d2891cc47,"{""st_role_id"":"""",""st_save_time"":1783825748,""st_os"":""PC"",""st_unique_id"":""6d5b3d62-7329-4e0d-bf5a-20671659fcc3"",""st_user_id"":""0000e86c-6d23-4bd9-bb3e-1438c9e5d5ae"",""st_province"":""四川省"",""st_event_time"":1783825747449,""st_distinct_id"":""fab31f5b-0fed-490e-b32f-54d5cd488d15"",""st_event_name"":""log_element_expose_client"",""st_account_id"":"""",""st_extend_info"":""{\""system_time\"":1783825747045,\""local_time\"":1783825747468,\""diff\"":-423}"",""properties"":{""extend"":"""",""current_page_url"":""https://odirouter.ai/en"",""adid"":"""",""platform_type"":""web"",""element_module"":""reward_task"",""element_tab"":""public_home_page_top_banner_click"",""ref_page_url"":""https://odirouter.ai/en/dashboard/home"",""element_name"":""reward_task_expose"",""current_page_name"":""public_home_page""},""st_ip"":""171.223.215.48"",""st_pk_id"":""564c4026-06db-4b86-b9ab-806fb758a027"",""st_country_code"":""CN"",""st_country"":""中国"",""st_city"":""成都市"",""st_app_key"":""618025f4e02aff8f3e35df5d2891cc47"",""st_system_language"":""ZH-CN""}",,1,,{},1783825751121,2026-07-12 03:09:11.153726,1783825748000
2026-07-12,log_page_expose_client,2026-07-12,6_1671,event_track,618025f4e02aff8f3e35df5d2891cc47,"{""st_distinct_id"":""fab31f5b-0fed-490e-b32f-54d5cd488d15"",""st_event_time"":1783825788958,""st_country"":""中国"",""st_app_key"":""618025f4e02aff8f3e35df5d2891cc47"",""st_user_id"":""0000e86c-6d23-4bd9-bb3e-1438c9e5d5ae"",""st_save_time"":1783825789,""st_country_code"":""CN"",""st_role_id"":"""",""st_province"":""四川省"",""st_system_language"":""ZH-CN"",""st_os"":""PC"",""st_extend_info"":""{\""system_time\"":1783825788536,\""local_time\"":1783825788959,\""diff\"":-423}"",""st_pk_id"":""b9388db5-4ae4-4015-a234-49d1f0063a75"",""st_ip"":""171.223.215.48"",""st_event_name"":""log_page_expose_client"",""st_city"":""成都市"",""st_account_id"":"""",""properties"":{""platform_type"":""web"",""current_page_name"":""login_page"",""current_page_url"":""https://odirouter.ai/en/login"",""ref_page_url"":""https://odirouter.ai/en"",""adid"":"""",""extend"":""""},""st_unique_id"":""bdbae589-644f-4b2e-adba-ead0e9c978cc""}",,1,,{},1783825791156,2026-07-12 03:09:51.179224,1783825789000
